comparison,seed,accuracy,precision,recall,f1,fpr
E2 D3QN - E1 DQN,42,0.00575346,0.00969326,-0.00058182,0.00484947,-0.01363911
E3 D3QN + PER - E2 D3QN,42,0.00067213,0.00154093,-0.00053333,0.00055591,-0.00217260
E2 D3QN - E1 DQN,7,0.00645248,0.01167026,-0.00169697,0.00538980,-0.01659626
E3 D3QN + PER - E2 D3QN,7,0.00319935,0.00444522,0.00087273,0.00275121,-0.00609535
E2 D3QN - E1 DQN,21,0.00680199,0.01304064,-0.00256970,0.00567930,-0.01846711
E3 D3QN + PER - E2 D3QN,21,-0.00301116,-0.00548329,0.00072727,-0.00253915,0.00766445
E2 D3QN - E1 DQN,123,0.00992069,0.01735859,-0.00184242,0.00832454,-0.02456246
E3 D3QN + PER - E2 D3QN,123,-0.00034951,-0.00118607,0.00072727,-0.00027657,0.00168980
E2 D3QN - E1 DQN,2026,0.01355021,0.02395255,-0.00344242,0.01120078,-0.03470127
E3 D3QN + PER - E2 D3QN,2026,0.00094099,0.00001431,0.00179394,0.00085630,0.00012070
